value,key,area,count,length,n_chips,node,way,length_per_way,AREA/LENGTH,ways/chip,area_per_way,pixels per chip,,raul's decision,raul's comments,freddie's decision,freddie's comments,use
yes,building,1101231533,4160306,266314125.8,18640,8516,4151790,64.1444114,4.135084946,222.735515,265.24259,590.7894488,,1,included in the single key label,1,,1
house,building,499438491.3,2795753,161743919.9,8100,28728,2767025,58.45408692,3.087834719,341.6080247,180.4965591,616.59073,,1,,1,,1
residential,building,63228204.14,392243,21278585.65,2377,219,392024,54.27878306,2.971447688,164.9238536,161.2865645,266.0000174,,1,,1,unclear via S2,1
apartments,building,72466150.59,255107,19192089.49,2192,133,254974,75.2707707,3.775834342,116.3202555,284.209961,330.5937527,,1,,1,unclear via S2,1
detached,building,28500233.68,124952,8378575.111,1020,46,124906,67.07904433,3.401560922,122.4568627,228.1734559,279.4140557,,0,,0,unimportant,0
commercial,building,50549532.07,64340,6763750.205,3056,49,64291,105.2052419,7.473595349,21.03763089,786.2614063,165.4107725,,0,,0,unimportant,0
retail,building,46515112.95,59970,6245280.23,2822,65,59905,104.2530712,7.44804256,21.22785259,776.4813112,164.8303081,,0,,0,unimportant,0
industrial,building,63332508.63,49311,6125089.655,2277,11,49300,124.2411695,10.33985006,21.65129556,1284.635064,278.1401345,,1,,1,large,1
school,building,22067276.91,37553,3694714.673,2570,33,37520,98.47320558,5.972660641,14.59922179,588.1470391,85.86489069,,1,,1,indicated by a yard,1
garage,building,2125319.815,24145,833309.5709,1924,11,24134,34.52844828,2.550456504,,88.06330549,,,,,,,
static_caravan,building,3173240.198,22028,1122919.561,364,223,21805,51.49826009,2.825883801,59.90384615,145.528099,87.17692852,,,,0,,0
shed,building,485747.1677,21353,371867.3168,1392,6,21347,17.42012071,1.306237859,,22.75482118,,,,,,,
roof,building,5238625.072,20742,1479584.076,3253,29,20713,71.43263055,3.54060655,6.367353212,252.9148396,16.10398116,,0,,0,"small, unimportant",0
warehouse,building,68626290.95,20197,3982291.265,1193,9,20188,197.2603163,17.2328658,16.92204526,3399.360558,575.2413323,,1,,1,large,1
carport,building,1096743.406,8202,434476.2595,471,1,8201,52.97844891,2.524288457,17.4118896,133.732887,23.28542264,,,,0,,0
terrace,building,1478148.426,4429,369935.6581,209,3,4426,83.58238998,3.995690586,21.17703349,333.9693688,70.72480508,,,,0,,0
hotel,building,3175499.771,4308,558921.098,916,4,4304,129.8608499,5.681481308,4.698689956,737.8019914,34.66702807,,,,0,,0
garages,building,686609.07,3992,245722.503,327,0,3992,61.55373321,2.794245792,12.20795107,171.99626,20.99721927,,,,0,,0
office,building,6769188.287,3836,629729.5015,815,34,3802,165.6311156,10.74935869,4.665030675,1780.428271,83.057525,,,,0,,0
farm_auxiliary,building,1153563.76,3641,256785.0937,662,1,3640,70.54535541,4.492331479,5.498489426,316.9131208,17.42543444,,,,0,,0
service,highway,103554217.9,1578481,199319396,33927,0,1578481,126.2729143,0.5195390915,,65.60371518,,,,,,,
residential,highway,64235275.84,789307,228924592.7,33672,1,789306,290.0327537,0.2805957852,,81.38196826,,,,,,,
footway,highway,223726982.2,443787,44012772.5,7787,10,443777,99.1776782,5.083228561,56.98946963,504.1428065,287.3083116,,0,500m2/obj and 56 objs per chip,0,unclear via S2,0
track,highway,87755001.14,309599,207830652,56216,10,309589,671.3114871,0.4222428228,5.507133201,283.4564572,15.61032467,,1,long and thin,1,,1
secondary,highway,117288.2625,154334,32135312.87,11651,1,154333,208.2206195,0.003649824821,,0.7599687852,,,,,,,
tertiary,highway,2637882.614,126766,46800190.61,17528,0,126766,369.1856697,0.05636478355,,20.80907036,,,,,,,
primary,highway,21286.49691,111767,19955246.09,7611,0,111767,178.5432739,0.001066711822,,0.1904542209,,,,,,,
path,highway,43979141.34,106501,48675522.45,17700,4,106497,457.0600341,0.9035165751,6.016779661,412.9613166,24.84697251,,0,long and thin,0,unclear via S2,0
unclassified,highway,39768263.16,56165,40468839.5,21585,0,56165,720.5348438,0.9826884994,2.602038453,708.0613044,18.42402741,,0,,0,,0
motorway_link,highway,0,38832,6327446.684,2794,0,38832,162.9441359,0,,0,,,,,,,
motorway,highway,0,36950,14605805.76,3934,0,36950,395.2856769,0,,0,,,,,,,
cycleway,highway,2991582.792,25804,5866339.337,2869,4,25800,227.3774937,0.5099573379,8.992680376,115.9528214,10.42726661,,0,,0,"unclear via S2, unimportant",0
steps,highway,1229.372934,16315,219243.7441,2005,32,16283,13.46457926,0.005607334154,,0.07550039516,,,,,,,
trunk,highway,1099.3054,14321,6687864.686,3024,0,14321,466.9970453,0.0001643731522,,0.07676177642,,,,,,,
primary_link,highway,0,6077,409992.4927,1576,0,6077,67.46626506,0,,0,,,,,,,
secondary_link,highway,911.4061933,5988,343048.4502,1926,0,5988,57.28932033,0.002656785631,,0.1522054431,,,,,,,
pedestrian,highway,1832523.22,5644,559382.2161,932,6,5638,99.21642712,3.275976903,6.049356223,325.0307236,19.66226631,,,,0,,0
construction,highway,240596.7905,3367,904680.8083,711,45,3322,272.330165,0.2659466061,,72.42528312,,,,,,,
tertiary_link,highway,0,2457,122745.9531,1204,0,2457,49.95765286,0,,0,,,,,,,
bridleway,highway,1389978.787,2390,807075.5239,360,4,2386,338.2546202,1.722241284,6.627777778,582.5560715,38.61052185,,,,0,,0
stream,waterway,0,1006874,351213518.9,53093,1,1006873,348.8161058,0,,0,,,,,,,
ditch,waterway,1099334.362,54261,26780869.98,7850,2,54259,493.5747061,0.04104924012,,20.26086663,,,,,,,
river,waterway,0,18815,18203738.72,9284,0,18815,967.5120235,0,,0,,,,,,,
canal,waterway,20139.72042,12857,7583339.651,4064,0,12857,589.8218598,0.002655785095,,1.566440104,,,,,,,
drain,waterway,40573.92992,11534,2876316.24,2180,2,11532,249.4204162,0.01410621314,,3.518377551,,,,,,,
pressurised,waterway,0,1883,1371221.471,620,0,1883,728.211084,0,,0,,,,,,,
dam,waterway,12983984.3,2514,546293.4618,1924,818,1696,322.106994,23.7674166,0.8814968815,7655.651117,67.48432586,,1,,1,large,1
tidal_channel,waterway,441709.0537,657,409641.0526,172,1,656,624.4528241,1.078283172,3.813953488,673.3369721,25.68075894,,,,0,,0
weir,waterway,183400.5454,480,17884.37764,320,259,221,80.92478571,10.25479047,0.690625,829.8667212,5.731267043,,,,0,,0
dock,waterway,162792.0828,452,14978.11698,100,341,111,134.9379908,10.86866147,,1466.595341,,,,,,,
artificial,waterway,0,38,8679.009988,8,0,38,228.3949997,0,,0,,,,,,,
waterfall,waterway,582.3653314,745,591.5420909,462,709,36,16.43172475,0.9844867177,,16.17681476,,,,,,,
boatyard,waterway,181059.504,26,8115.930155,20,3,23,352.8665285,22.3091501,,7872.15235,,,,,,,
spillway,waterway,322.7751737,22,3826.261243,19,1,21,182.2029163,0.08435785043,,15.37024636,,,,,,,
flume,waterway,0,21,592.0898799,15,3,18,32.89388221,0,,0,,,,,,,
yes,waterway,0,14,457.6023867,5,1,13,35.20018359,0,,0,,,,,,,
check_dam,waterway,0,13,2393.961344,4,0,13,184.1508726,0,,0,,,,,,,
fish_pass,waterway,0,11,1318.247927,6,0,11,119.8407206,0,,0,,,,,,,
construction,waterway,0,8,722.8272119,3,0,8,90.35340149,0,,0,,,,,,,
wadi,waterway,0,7,1532.13913,2,0,7,218.8770186,0,,0,,,,,,,
asphalt,surface,68114501.19,395299,79044986.66,16876,4478,390821,202.253683,0.8617181692,23.15839061,174.2856735,40.36175705,,1,,1,unimportant,1
concrete,surface,38702018.83,83737,10593190.67,4639,379,83358,127.0806722,3.653480809,17.96895883,464.286797,83.4275034,,1,,1,,1
unpaved,surface,60471017.55,70082,45376676.74,20337,35,70047,647.8032855,1.332645357,3.444313321,863.2920404,29.73448274,,0,,0,unimportant,0
paved,surface,115558633.3,64931,16752321.83,7354,163,64768,258.651214,6.898066696,8.807179766,1784.193325,157.1371135,,1,,1,unimportant,1
dirt,surface,10232805.44,50690,31042992.32,12471,80,50610,613.3766512,0.3296333464,4.058215059,202.1893982,8.205280604,,0,,0,unimportant,0
ground,surface,3299980.903,26523,17073167.81,6490,38,26485,644.6353712,0.1932846289,4.080893683,124.5981085,5.084716338,,0,,0,unimportant,0
gravel,surface,15319957.7,9865,7502807.784,5197,21,9844,762.1706403,2.0418966,1.894169713,1556.273639,29.47846392,,1,,1,indicates parking lot,1
sand,surface,40383714.4,7173,4604497.521,2947,28,7145,644.436322,8.770493244,2.424499491,5652.024408,137.033303,,1,,1,indicates beach,1
compacted,surface,1068035.245,6000,3697607.254,2561,8,5992,617.0906633,0.288844967,2.33971105,178.2435323,4.170383621,,0,,0,unimportant,0
grass,surface,13959344.86,3781,819869.0693,1134,34,3747,218.8067972,17.02630991,3.304232804,3725.47234,123.0982792,,1,,1,indicates park,1
paving_stones,surface,366400.6207,3258,193508.9794,507,18,3240,59.72499364,1.893455393,6.390532544,113.0866113,7.2268367,,,,0,,0
wood,surface,109707.5187,2098,92763.4112,822,9,2089,44.405654,1.182659383,,52.51676336,,,,,,,
concrete:plates,surface,2555611.178,1728,333114.7921,290,10,1718,193.8968522,7.671863389,5.924137931,1487.550162,88.12452337,,,,0,,0
fine_gravel,surface,180236.5599,1283,658670.5237,642,3,1280,514.5863466,0.2736368995,1.99376947,140.8098124,2.807423051,,,,0,,0
earth,surface,105305.7739,1110,417001.7902,254,0,1110,375.6772884,0.2525307478,,94.87006659,,,,,,,
cement,surface,65532.4298,1018,21554.41107,36,2,1016,21.21497152,3.040325694,,64.50042303,,,,,,,
artificial_turf,surface,2704824.747,612,157686.9562,430,1,611,258.0801248,17.15312928,1.420930233,4426.881746,62.90290108,,,,0,,0
woodchips,surface,61410.69252,300,27425.89387,153,37,263,104.2809653,2.239150082,1.718954248,233.500732,4.013770753,,,,0,,0
brick,surface,20671.63677,243,13221.79887,51,1,242,54.63553254,1.563451159,,85.41998667,,,,,,,
bushes/trees,surface,40949.17069,190,19481.32989,41,0,190,102.5333152,2.101969985,,215.521951,,,,,,,
driveway,service,4970677.789,320508,29569658.92,19345,0,320508,92.25872341,0.1681006129,,15.50874795,,,,,,,
parking_aisle,service,12686889.99,276262,23136686.66,6907,17,276245,83.7542278,0.5483451531,,45.92622487,,,,,,,
alley,service,309936.6267,36079,7136787.274,2819,0,36079,197.8100079,0.04342803208,,8.590499368,,,,,,,
drive-through,service,105753.4044,12482,618567.585,2203,1,12481,49.56073912,0.1709649955,,8.473151542,,,,,,,
spur,service,302719.5341,8999,2568933.042,1475,0,8999,285.4687234,0.1178386238,,33.63924149,,,,,,,
yard,service,173370.9739,7774,2729907.271,534,0,7774,351.1586405,0.06350800841,,22.30138589,,,,,,,
siding,service,376482.095,3694,1660831.136,1527,0,3694,449.6023648,0.2266829462,2.419122462,101.9171887,2.465501605,,0,,0,unimportant,0
emergency_access,service,5750.452895,2376,498862.485,911,2,2374,210.1358403,0.01152713036,,2.422263225,,,,,,,
crossover,service,0,1258,113657.4515,504,1,1257,90.41961135,0,,0,,,,,,,
pipestem,service,160620.7619,855,234390.2995,300,0,855,274.1407012,0.6852705176,2.85,187.8605402,5.354025396,,,,0,,0
slipway,service,0,152,7437.897869,112,0,152,48.93353861,0,,0,,,,,,,
shared_driveway,service,0,128,9080.59573,22,0,128,70.94215414,0,,0,,,,,,,
parking,service,804.6857519,35,3131.179936,18,0,35,89.46228387,0.2569912201,,22.99102148,,,,,,,
levee,service,0,28,26374.16055,12,0,28,941.9343052,0,,0,,,,,,,
bus,service,0,20,588.1833362,3,0,20,29.40916681,0,,0,,,,,,,
aircraft_control,service,2355.448931,17,740.7205154,17,0,17,43.57179502,3.179942882,,138.5558195,,,,,,,
fuel,service,0,15,299.2324803,2,0,15,19.94883202,0,,0,,,,,,,
access,service,0,13,620.6467735,8,0,13,47.7420595,0,,0,,,,,,,
storage,service,100123.4548,14,6038.195405,10,2,12,503.1829504,16.58168511,,8343.621236,,,,,,,
parking_lane,service,0,11,1178.22176,2,0,11,107.1110691,0,,0,,,,,,,
residential,landuse,6854399493,230181,110729462.3,12233,345,229836,481.7759719,61.90221963,18.78819586,29823.00202,5603.204033,,1,,1,,1
grass,landuse,111727125.9,55270,8110185.221,3420,17,55253,146.7827126,13.77614972,16.15584795,2022.100626,326.6875026,,1,,1,,1
farmland,landuse,7993772654,34439,60479045.35,8983,10,34429,1756.630903,132.1742532,3.832683959,232181.3777,8898.77842,,1,,1,,1
meadow,landuse,7906782290,30982,54530455.79,10897,10,30972,1760.637214,144.9975463,2.842250161,255288.076,7255.92575,,1,,1,,1
commercial,landuse,548312643.7,24913,12675894.8,4742,46,24867,509.7476497,43.25632645,5.243989878,22049.81074,1156.289843,,1,,1,,1
orchard,landuse,4023031813,24950,36236341.67,4809,105,24845,1458.496344,111.022019,5.166354752,161925.2088,8365.63072,,1,,1,,1
vineyard,landuse,1892803756,19522,21705352.17,2295,57,19465,1115.096438,87.2044711,8.481481481,97241.39513,8247.51092,,1,,1,,1
industrial,landuse,1315666435,15534,14388510.39,5082,122,15412,933.5913828,91.43868264,3.032664305,85366.36617,2588.875316,,1,,1,,1
retail,landuse,319169237.3,12757,7485160.062,2816,64,12693,589.7077178,42.64026883,4.507457386,25145.29562,1133.413485,,1,,1,,1
farmyard,landuse,535563683.1,9750,8918894.12,4658,7,9743,915.4155927,60.04821628,2.091670245,54969.0735,1149.771754,,1,,1,,1
forest,landuse,1549767582,7843,10645625.51,2680,23,7820,1361.333186,145.5778789,2.917910448,198179.9977,5782.714857,,1,,1,,1
construction,landuse,140415948,3106,2387338.303,1348,0,3106,768.6214755,58.81694597,2.304154303,45207.9678,1041.661335,,0,,0,depends on date,0
military,landuse,7202944471,3132,16939546.31,2219,197,2935,5771.566036,425.2147217,1.322667868,2454154.845,32460.31758,,1,,1,,1
religious,landuse,28811628.95,2497,948726.2832,1252,0,2497,379.946449,30.36874751,1.994408946,11538.49778,230.1248319,,0,,0,unclear via S2,0
farm,landuse,304514095.8,2321,3028117.242,847,10,2311,1310.306033,100.5621881,2.728453365,131767.2418,3595.207742,,,,1,,1
recreation_ground,landuse,825835941.4,1869,3043821.505,1160,19,1850,1645.308922,271.315496,1.594827586,446397.8062,7119.275357,,0,,0,unclear via S2,0
cemetery,landuse,57482693.57,1457,965854.8637,1205,3,1454,664.2743216,59.51483575,1.206639004,39534.17715,477.0348014,,1,,1,unclear via S2,1
brownfield,landuse,34060085.24,1243,576014.4129,563,1,1242,463.7797205,59.13061284,2.206039076,27423.5791,604.974871,,,,1,,1
quarry,landuse,288296298.3,4036,2203765.621,2806,2808,1228,1794.597411,130.8198547,0.4376336422,234768.9725,1027.428005,,1,,1,,1
greenfield,landuse,39163084.42,818,517099.3059,317,1,817,632.9244871,75.73609937,2.577287066,47935.23185,1235.428531,,,,1,,1
sidewalk,footway,203763347.7,141325,25621594.64,3761,1,141324,181.2968402,7.952797262,37.57617655,1441.817014,541.7797068,,0,,0,unclear via S2,0
crossing,footway,3034005.375,108978,2522899.906,3662,23,108955,23.15543028,1.202586503,,27.84640792,,,,,,,
access_aisle,footway,201.2553779,1540,24173.25527,351,0,1540,15.696919,0.008325538933,,0.1306853103,,,,,,,
traffic_island,footway,259.8460623,394,2185.16944,104,0,394,5.54611533,0.1189134616,,0.6595077722,,,,,,,
link,footway,0,314,2241.837484,51,0,314,7.139609821,0,,0,,,,,,,
yes,footway,0,171,54571.98884,31,0,171,319.1344377,0,,0,,,,,,,
ramp,footway,0,36,753.3725621,15,0,36,20.92701561,0,,0,,,,,,,
indoor,footway,0,35,38.98270246,2,0,35,1.113791499,0,,0,,,,,,,
path,footway,2144.169849,30,2074.837829,11,1,29,71.54613205,1.033415633,,73.93689136,,,,,,,
trail,footway,333.8461339,25,2168.817919,5,0,25,86.75271676,0.1539299961,,13.35384536,,,,,,,
alley,footway,0,7,351.2745054,3,0,7,50.1820722,0,,0,,,,,,,
square,footway,6418.422305,3,689.1850738,3,0,3,229.7283579,9.313060525,,2139.474102,,,,,,,
access,footway,0,3,155.4410729,3,0,3,51.81369098,0,,0,,,,,,,
crosswalk,footway,0,2,9.877343643,2,0,2,4.938671822,0,,0,,,,,,,
dirt,footway,0,1,416.178532,1,0,1,416.178532,0,,0,,,,,,,
island,footway,0,1,4.026070818,1,0,1,4.026070818,0,,0,,,,,,,
bridge,footway,0,1,40.43902967,1,0,1,40.43902967,0,,0,,,,,,,
platform,footway,0,1,22.90813068,1,0,1,22.90813068,0,,0,,,,,,,
brick,footway,58.88860754,1,45.08948499,1,0,1,45.08948499,1.306038593,,58.88860754,,,,,,,
slide,footway,0,1,17.92465431,1,0,1,17.92465431,0,,0,,,,,,,
water,natural,2750620088,79561,40595950.08,25744,37,79524,510.4867723,67.75602203,3.089030454,34588.55299,1068.450935,,1,,1,,1
wood,natural,5529245384,33061,38257054.92,6402,333,32728,1168.939591,144.5287776,5.112152452,168945.4102,8636.746929,,1,,1,,1
scrub,natural,4327947975,24710,33378990.16,6957,5,24705,1351.102617,129.6608422,3.551099612,175185.1032,6220.997521,,1,,1,,1
sand,natural,1489347451,20787,6774471.805,2226,1,20786,325.9151258,219.8470219,9.337825696,71651.46981,6690.68936,,1,,1,,1
grassland,natural,741447342.5,13484,9937113.155,2728,7,13477,737.3386625,74.61395789,4.940249267,55015.75592,2717.915478,,1,,1,,1
wetland,natural,620307171.1,10254,9215497.229,3927,74,10180,905.2551305,67.31130787,2.592309651,60933.90679,1579.595547,,1,,1,,1
bare_rock,natural,447021906.3,9295,4634373.289,1391,2,9293,498.6950704,96.45789806,6.680805176,48103.07826,3213.672943,,1,,1,,1
coastline,natural,55756584.09,4454,4379184.403,1399,0,4454,983.202605,12.73218457,3.183702645,12518.31704,398.5459906,,1,,1,,1
heath,natural,390902613.7,3983,3879819.546,807,20,3963,979.0107357,100.7527822,4.910780669,98638.05543,4843.898559,,,,1,,1
valley,natural,30226871.05,3409,4142781.489,2709,60,3349,1237.02045,7.296274527,1.236249539,9025.640803,111.5794428,,1,,1,,1
tree_row,natural,101910.6111,2797,403413.241,574,0,2797,144.2306904,0.2526208879,,36.43568507,,,,,,,
ridge,natural,9647.148101,2763,2536685.898,1573,3,2760,919.0890934,0.003803051891,,3.495343515,,,,,,,
desert,natural,5956014067,2172,14151565.69,1805,1,2171,6518.454945,420.8731528,1.202770083,2743442.684,32997.30785,,1,,1,,1
cliff,natural,3933446.8,2178,634017.7627,815,266,1912,331.5992483,6.204000947,2.34601227,2057.24205,48.26315092,,,,1,,1
scree,natural,149517594.8,1478,1407145.578,614,3,1475,953.9970022,106.2559533,2.40228013,101367.8609,2435.13998,,,,1,,1
beach,natural,55997405.44,1407,1242469.014,689,156,1251,993.1806668,45.06945831,1.815674891,44762.11466,812.7344766,,,,1,,1
mountain_range,natural,56758610.43,1085,1769884.893,951,11,1074,1647.937517,32.06909706,1.129337539,52847.86819,596.8308142,,,,1,,1
reef,natural,7909902.581,928,261713.7002,93,0,928,282.0190735,30.22349451,,8523.601919,,,,,,,
mud,natural,505529592.8,489,1625983.768,333,0,489,3325.12018,310.9069123,1.468468468,1033802.848,15181.06885,,,,1,,1
bay,natural,983368166.1,816,2570104.811,606,381,435,5908.286922,382.6179236,0.7178217822,2260616.474,16227.19746,,,,1,,1
parking,amenity,252216903.7,85832,18806983.59,8643,2649,83183,226.0916724,13.41081107,9.624320259,3032.072703,291.8163874,,1,,1,,1
parking_space,amenity,957149.9205,54913,919188.4331,626,1868,53045,17.32846514,1.041298918,,18.04411199,,,,,,,
school,amenity,433542746.2,15867,8476119.575,5407,4668,11199,756.8639677,51.14872937,2.071203995,38712.63026,801.8175444,,0,,0,duplicated by building,0
restaurant,amenity,3583876.187,23315,589077.9458,3410,17046,6269,93.96681222,6.08387432,1.838416422,571.6822758,10.50990084,,0,,0,,0
place_of_worship,amenity,16635265.93,14248,1026096.335,3603,8344,5904,173.7968046,16.21218727,1.638634471,2817.626344,46.17059654,,0,,0,,0
fast_food,amenity,1762099.585,14900,417717.2014,2781,9353,5547,75.30506605,4.218403215,1.994606257,317.6671328,6.336208506,,0,,0,,0
toilets,amenity,281876.8495,9065,134370.8642,3742,4746,4319,31.11156847,2.097752747,,65.26437822,,,,,,,
shelter,amenity,298634.7978,4554,125099.4671,1494,648,3906,32.02751333,2.387178816,,76.45540137,,,,,,,
fuel,amenity,8238150.919,6829,341477.3086,3069,3263,3566,95.75920039,24.12503177,1.161942001,2310.193752,26.8431115,,0,,0,,0
bank,amenity,1621332.618,4369,234569.6256,1632,2303,2066,113.5380569,6.911946141,1.265931373,784.7689343,9.934636141,,0,,0,,0
fire_station,amenity,3111222.608,2591,241494.22,2237,1010,1581,152.7477672,12.8832177,0.7067501118,1967.882738,13.90801345,,0,,0,,0
cafe,amenity,369254.4269,7093,82027.37458,2280,5837,1256,65.30841925,4.501599969,0.550877193,293.9923781,1.61953696,,0,,0,,0
bicycle_parking,amenity,140568.7253,9613,47040.20911,1171,8591,1022,46.02760187,2.988267441,0.8727583262,137.5427841,1.2004161,,0,,0,unclear via S2,0
car_wash,amenity,421699.658,1426,77857.3708,1024,497,929,83.80771884,5.416310026,0.9072265625,453.9285878,4.118160723,,0,,0,,0
bench,amenity,28062.68778,19749,13793.25768,2258,18887,862,16.00145903,2.034522114,,32.55532225,,,,,,,
fountain,amenity,88205.74909,3037,27485.22348,981,2217,820,33.51856522,3.209206181,0.8358817533,107.5679867,0.8991411732,,,,0,,0
community_centre,amenity,3189523.505,1082,153756.6786,775,264,818,187.9665998,20.74396725,1.055483871,3899.172989,41.155142,,,,0,,0
library,amenity,1322660.521,1632,140624.204,1244,814,818,171.9122299,9.405639166,0.6575562701,1616.944402,10.6323193,,0,,0,,0
social_facility,amenity,4351474.002,1196,222941.4526,674,414,782,285.0913717,19.51846079,1.160237389,5564.544759,64.56192881,,,,0,,0
theatre,amenity,1162207.245,1203,102341.2087,741,482,721,141.9434239,11.35620011,0.9730094467,1611.937926,15.68430829,,,,0,,0
swimming_pool,leisure,4591014.427,71063,2160208.259,4900,3495,67568,31.97087761,2.125264733,,67.94657866,,,,,,,
pitch,leisure,101028046.4,51300,7008242.264,5504,802,50498,138.7825709,14.41560417,9.174781977,2000.634607,183.5538634,,1,,1,,1
park,leisure,989232329,19775,13268699.4,5918,1667,18108,732.7534462,74.55382769,3.059817506,54629.57417,1671.565274,,1,,1,,1
garden,leisure,10560656.34,14416,1230617.051,1434,336,14080,87.40177916,8.581594358,9.818688982,750.0466149,73.64474434,,1,,1,,1
playground,leisure,4469367.262,12463,817895.8016,3596,1716,10747,76.10456886,5.464470233,2.988598443,415.8711512,12.42871875,,0,,0,,0
nature_reserve,leisure,2566040149,3444,11050760.75,2339,89,3355,3293.818406,232.2048415,1.434373664,764840.5809,10970.67186,,1,,1,,1
sports_centre,leisure,24077749.59,2058,559505.2654,1269,434,1624,344.5229467,43.03400001,1.279747833,14826.20049,189.7379795,,1,,1,,1
bleachers,leisure,388454.4161,1609,104055.1382,518,37,1572,66.19283598,3.73315939,3.034749035,247.1084072,7.499120002,,,,0,,0
golf_course,leisure,298066584.1,1439,3146428.982,1179,51,1388,2266.87967,94.73170563,1.177268872,214745.3776,2528.130484,,1,,1,unclear via S2,1
outdoor_seating,leisure,247541.577,1802,70905.66811,561,570,1232,57.55330203,3.491139476,2.196078431,200.9266047,4.412505828,,,,0,,0
track,leisure,6440703.042,1189,322938.7215,769,15,1174,275.075572,19.94404081,1.526657997,5486.118434,83.75426582,,,,1,,1
dog_park,leisure,2697729.774,659,139856.2971,498,49,610,229.2726182,19.28929787,1.224899598,4422.507826,54.1712806,,,,0,,0
fitness_centre,leisure,1184355.462,1949,103890.2991,1035,1349,600,173.1504984,11.40005826,0.5797101449,1973.92577,11.44304794,,0,,0,,0
schoolyard,leisure,1148336.141,398,98661.14781,199,0,398,247.8923312,11.639193,2,2885.266686,57.70533373,,,,1,,1
stadium,leisure,11585488.23,380,192298.1761,274,14,366,525.4048526,60.24752014,1.335766423,31654.33944,422.8280378,,,,1,,1
offroad_driving,leisure,709177817.9,343,1936134.076,296,0,343,5644.705762,366.2854895,1.158783784,2067573.813,23958.71006,,,,0,,0
fitness_station,leisure,74050.10159,791,11784.83079,291,516,275,42.85393014,6.283509957,0.9450171821,269.2730967,2.544677031,,,,0,,0
slipway,leisure,19384.01545,736,17027.53049,500,476,260,65.49050188,1.138392644,,74.55390558,,,,,,,
common,leisure,2086531.64,253,74506.66142,112,12,241,309.1562715,28.00463208,2.151785714,8657.807637,186.2974679,,,,0,,0
horse_riding,leisure,5202639.689,292,102396.6571,178,76,216,474.0585977,50.80868689,1.213483146,24086.29486,292.2831286,,,,0,,0
generator,power,47178452.2,50061,4506003.22,2693,11733,38328,117.5642668,10.47013282,14.23245451,1230.913489,175.1892024,,1,,1,large,1
line,power,131632.5724,36922,39444481.55,12980,0,36922,1068.319201,0.003337160669,,3.56515282,,,,,,,
minor_line,power,150785.739,16219,6702056.89,3412,0,16219,413.2225717,0.0224984272,,9.296857944,,,,,,,
substation,power,23517449.41,2976,776635.3786,2099,339,2637,294.5147435,30.28119766,1.25631253,8918.259163,112.0412073,,1,,1,large,1
plant,power,307231894.3,2234,2428859.967,1527,2,2232,1088.19891,126.4922221,1.461689587,137648.6982,2011.996688,,1,,1,large,1
cable,power,0,637,501705.5738,396,0,637,787.6068663,0,,0,,,,,,,
abandoned:line,power,0,57,73698.42219,49,0,57,1292.954775,0,,0,,,,,,,
portal,power,0,1071,1003.316185,149,1026,45,22.29591522,0,,0,,,,,,,
transformer,power,1462.552992,2617,649.2389698,428,2594,23,28.2277813,2.252719045,,63.58926053,,,,,,,
catenary_portal,power,0,11,266.853281,4,0,11,24.25938918,0,,0,,,,,,,
tower,power,2134.394984,101447,513.8035051,9090,101439,8,64.22543814,4.15410748,0.0008800880088,266.799373,0.002348069289,,0,,0,unclear via S2,0
switchgear,power,65738.65777,7,2155.323508,7,0,7,307.9033583,30.50059887,,9391.236824,,,,,,,
compensator,power,12.50807496,6,30.76040147,2,1,5,6.152080294,0.4066291194,,2.501614993,,,,,,,
converter,power,24143.79858,39,835.5448631,5,36,3,278.5149544,28.89587339,,8047.932859,,,,,,,
yes,power,1723.909002,4,241.6643917,4,2,2,120.8321959,7.133483711,,861.9545011,,,,,,,
switch,power,1071.560652,497,187.203819,82,495,2,93.60190951,5.724032008,,535.780326,,,,,,,
terminal,power,94.44058426,8,38.87355042,7,7,1,38.87355042,2.429430378,,94.44058426,,,,,,,
pole,power,0,168306,49.75512028,6500,168305,1,49.75512028,0,,0,,,,,,,
proposed,power,18508.72749,1,631.2318747,1,0,1,631.2318747,29.32159834,,18508.72749,,,,,,,
bunker,golf,3629494.99,26062,1279964.976,1016,1,26061,49.1141927,2.835620551,25.65059055,139.2692142,35.72337589,,0,,0,unimportant,0
tee,golf,3514805.863,24056,1082889.948,988,343,23713,45.66650983,3.245764605,24.00101215,148.2227412,35.57495813,,,,0,,0
green,golf,4653489.673,10752,846719.3386,1085,2,10750,78.76458964,5.49590574,9.907834101,432.8827603,42.88930574,,0,,0,unimportant,0
hole,golf,22786.23483,9869,2480138.573,912,18,9851,251.7651581,0.009187484556,,2.313088502,,,,,,,
cartpath,golf,1542255.224,9558,2587190.958,783,0,9558,270.6832976,0.5961118639,12.20689655,161.357525,19.69674616,,,,0,,0
fairway,golf,30526031.31,7278,2511567.168,826,0,7278,345.0902951,12.15417676,8.811138015,4194.288446,369.5645437,,,,0,,0
rough,golf,17432391.44,2436,918477.234,252,1,2435,377.1980427,18.97966634,9.662698413,7159.092994,691.7615651,,,,0,,0
water_hazard,golf,5284269.278,1361,415270.9497,450,0,1361,305.1219322,12.72487103,3.024444444,3882.637236,117.4282062,,,,0,,0
path,golf,68492.11205,1039,214162.0885,132,0,1039,206.1232805,0.3198143636,,65.9211858,,,,,,,
lateral_water_hazard,golf,4429431.979,757,256987.9874,214,0,757,339.4821498,17.23594952,3.537383178,5851.297198,206.9828027,,,,0,,0
driving_range,golf,5766013.443,319,174921.2474,299,1,318,550.0668156,32.96348231,1.063545151,18132.11774,192.843259,,,,0,,0
clubhouse,golf,172761.4401,150,22644.51244,135,10,140,161.7465174,7.629285045,1.037037037,1234.010286,12.79714371,,,,0,,0
practice,golf,37719.8281,5,1191.075578,4,0,5,238.2151157,31.66871085,,7543.965619,,,,,,,
water-hazard,golf,14405.11796,5,1065.518801,1,0,5,213.1037602,13.51934658,,2881.023593,,,,,,,
no,golf,90545.89265,4,2535.942731,4,0,4,633.9856828,35.70502265,,22636.47316,,,,,,,
out_of_bounds,golf,3606.39995,1,259.1918269,1,0,1,259.1918269,13.91401879,,3606.39995,,,,,,,
cart_parking,golf,290.2595334,1,69.97899394,1,0,1,69.97899394,4.147809465,,290.2595334,,,,,,,
golf_range,golf,7850.730257,1,347.1670644,1,0,1,347.1670644,22.61369543,,7850.730257,,,,,,,
teeggg,golf,21.63164415,1,18.6371642,1,0,1,18.6371642,1.16067251,,21.63164415,,,,,,,
yes,golf,17824.15676,1,585.7473874,1,0,1,585.7473874,30.42976741,,17824.15676,,,,,,,
marked,crossing,885464.5735,82619,823444.4367,2971,47559,35060,23.48672096,1.075317938,,25.25569234,,,,,,,
unmarked,crossing,118655.7659,78411,475645.715,2331,48371,30040,15.8337455,0.2494624931,,3.949925628,,,,,,,
traffic_signals,crossing,1246601.444,65713,508284.0989,2627,53049,12664,40.13614173,2.452568252,,98.43662697,,,,,,,
uncontrolled,crossing,221928.4497,44783,194935.4396,2691,36214,8569,22.74891348,1.138471538,,25.89899051,,,,,,,
zebra,crossing,54827.53125,4684,56109.51251,698,2296,2388,23.49644577,0.9771521584,,22.9596027,,,,,,,
pedestrian_signals,crossing,22603.72139,309,10677.2649,115,54,255,41.87162706,2.116995467,,88.64204468,,,,,,,
island,crossing,58.80477076,46,215.9323062,18,10,36,5.998119618,0.2723296564,,1.633465855,,,,,,,
yes,crossing,0,71,649.4088439,23,38,33,19.67905588,0,,0,,,,,,,
no,crossing,0,580,503.0394127,147,561,19,26.47575856,0,,0,,,,,,,
traffic_island,crossing,0,13,85.19205269,6,0,13,6.553234822,0,,0,,,,,,,
stop_sign,crossing,0,200,276.4460333,42,191,9,30.71622592,0,,0,,,,,,,
railway,crossing,0,7,151.0891783,2,0,7,21.58416832,0,,0,,,,,,,
controlled,crossing,0,16,129.4032808,9,9,7,18.48618298,0,,0,,,,,,,
footway,crossing,0,10,250.4040861,7,3,7,35.7720123,0,,0,,,,,,,
bridge,crossing,0,6,232.3698928,4,0,6,38.72831546,0,,0,,,,,,,
traffic signals,crossing,170509.9527,11,2843.240537,1,6,5,568.6481074,59.97028759,,34101.99054,,,,,,,
unknown,crossing,0,14,49.91680904,5,10,4,12.47920226,0,,0,,,,,,,
informal,crossing,0,19,35.09967201,16,15,4,8.774918003,0,,0,,,,,,,
pedestrian,crossing,0,14,46.10908905,7,12,2,23.05454452,0,,0,,,,,,,
marked2,crossing,0,2,34.30567369,2,0,2,17.15283684,0,,0,,,,,,,
lane,cycleway,1457392.266,59399,9816626.811,3684,9,59390,165.2909044,0.1484616146,,24.53935454,,,,,,,
shared_lane,cycleway,224668.1361,9221,1585893.627,1067,2,9219,172.0244741,0.1416665862,,24.37011998,,,,,,,
no,cycleway,129891.0303,3634,852529.752,574,1,3633,234.6627448,0.1523595277,,35.75310497,,,,,,,
crossing,cycleway,35172.75804,2288,53426.37607,587,10,2278,23.45319406,0.6583407041,,15.44019229,,,,,,,
track,cycleway,596.3963829,1145,184845.7987,226,1,1144,161.5784953,0.003226453548,,0.5213255095,,,,,,,
shared,cycleway,0,614,124036.4569,91,0,614,202.0137734,0,,0,,,,,,,
separate,cycleway,0,442,45488.14359,64,0,442,102.914352,0,,0,,,,,,,
shoulder,cycleway,0,144,66441.26441,50,0,144,461.3976695,0,,0,,,,,,,
buffered_lane,cycleway,0,95,24607.15543,27,0,95,259.0226887,0,,0,,,,,,,
sidewalk,cycleway,0,68,12486.73064,32,0,68,183.6283917,0,,0,,,,,,,
yes,cycleway,0,64,21734.17149,22,0,64,339.5964296,0,,0,,,,,,,
share_busway,cycleway,138.8214028,27,3372.10701,6,0,27,124.8928522,0.0411675556,,5.141533438,,,,,,,
segregated,cycleway,0,26,27607.51992,18,0,26,1061.827689,0,,0,,,,,,,
sidepath,cycleway,0,25,5740.40214,13,0,25,229.6160856,0,,0,,,,,,,
opposite_lane,cycleway,0,19,1723.436174,7,0,19,90.70716703,0,,0,,,,,,,
right,cycleway,0,19,1433.059185,8,0,19,75.42416761,0,,0,,,,,,,
proposed,cycleway,0,17,3071.321558,7,0,17,180.665974,0,,0,,,,,,,
traffic_island,cycleway,0,17,61.54170044,3,0,17,3.620100026,0,,0,,,,,,,
path,cycleway,0,14,4479.582877,7,0,14,319.9702055,0,,0,,,,,,,
right:lane,cycleway,0,11,2434.188055,1,0,11,221.2898232,0,,0,,,,,,,
rail,railway,763084.623,35096,17023368.76,5019,0,35096,485.0515374,0.04482571187,,21.74278046,,,,,,,
abandoned,railway,2751.215217,8069,4713891.863,2987,0,8069,584.197777,0.0005836398664,,0.3409611125,,,,,,,
light_rail,railway,0,3409,969429.0053,261,0,3409,284.3734248,0,,0,,,,,,,
disused,railway,1590.929021,3056,972976.7357,813,0,3056,318.3824397,0.001635115171,,0.5205919573,,,,,,,
proposed,railway,816994.7014,1751,1522890.118,704,21,1730,880.283305,0.5364764614,2.457386364,472.2512725,11.60503837,,,,0,,0
subway,railway,0,1630,541487.0916,130,0,1630,332.2006697,0,,0,,,,,,,
platform,railway,444246.46,1529,236083.7431,461,184,1345,175.5269466,1.881732533,2.917570499,330.2947658,9.636582647,,,,0,,0
construction,railway,1766.434671,735,509980.7812,153,9,726,702.4528667,0.003463727921,,2.433105607,,,,,,,
razed,railway,0,600,449294.4648,359,1,599,750.0742317,0,,0,,,,,,,
miniature,railway,148525.7895,486,43049.76174,49,0,486,88.57975666,3.450095505,,305.6086203,,,,,,,
narrow_gauge,railway,189560.4875,335,86069.89797,60,0,335,256.9250686,2.202401675,,565.8522014,,,,,,,
tram,railway,1640.384111,228,49285.01843,28,0,228,216.1623615,0.0332836258,,7.194667154,,,,,,,
monorail,railway,169358.2305,226,38073.46586,14,0,226,168.4666631,4.44819579,,749.3727014,,,,,,,
preserved,railway,39750.02342,43,5341.544472,8,0,43,124.2219645,7.441672279,,924.4191494,,,,,,,
turntable,railway,9690.997709,36,1664.372522,29,3,33,50.43553096,5.822613377,,293.6665972,,,,,,,
funicular,railway,0,23,2768.737717,12,0,23,120.3799007,0,,0,,,,,,,
platform_edge,railway,0,18,2657.366855,6,0,18,147.6314919,0,,0,,,,,,,
snowshed,railway,30862.93818,17,5993.967519,10,0,17,352.5863247,5.148999903,,1815.466952,,,,,,,
station,railway,247649.483,642,7265.590155,424,628,14,518.9707253,34.0852536,0.03301886792,17689.24878,5.840789693,,,,1,,1
yard,railway,1110685.903,42,14056.05667,39,36,6,2342.676112,79.01831427,,185114.3172,,,,,,,
yes,bridge,170309.8782,53993,3427448.56,12745,110,53883,63.60908932,0.04968998811,,3.160734892,,,,,,,
boardwalk,bridge,176.4605168,317,18251.88321,117,0,317,57.57691865,0.009668071771,,0.5566577819,,,,,,,
viaduct,bridge,407057.8538,269,76467.24219,130,0,269,284.2648408,5.323297168,2.069230769,1513.226222,31.3121426,,,,0,,0
aqueduct,bridge,109.1976781,219,27655.2719,145,0,219,126.2797804,0.003948530265,,0.4986195346,,,,,,,
movable,bridge,6842.465176,84,6026.88783,40,0,84,71.74866465,1.135323133,,81.45791876,,,,,,,
jet_bridge,bridge,0,39,1134.167879,3,0,39,29.08122767,0,,0,,,,,,,
low_water_crossing,bridge,790.8455923,38,923.3813574,22,0,38,24.2995094,0.8564669256,,20.81172611,,,,,,,
covered,bridge,2761.493085,36,1720.701349,13,0,36,47.79725969,1.604864835,,76.70814126,,,,,,,
trestle,bridge,12071.44394,30,8277.608473,22,0,30,275.9202824,1.458325068,,402.3814647,,,,,,,
no,bridge,0,21,3965.790695,13,1,20,198.2895347,0,,0,,,,,,,
abandoned,bridge,0,10,825.2749402,9,0,10,82.52749402,0,,0,,,,,,,
proposed,bridge,352.3299303,7,3689.739559,5,0,7,527.1056513,0.09548910558,,50.33284719,,,,,,,
cantilever,bridge,2204.733605,5,837.5092402,5,0,5,167.501848,2.632488693,,440.946721,,,,,,,
overpass,bridge,2796.520715,2,353.4812299,2,0,2,176.7406149,7.911369765,,1398.260357,,,,,,,
log_bridge,bridge,0,2,13.73828614,2,0,2,6.869143069,0,,0,,,,,,,
decorative,bridge,0,2,9.323962179,1,0,2,4.661981089,0,,0,,,,,,,
gate,bridge,0,1,2.022294263,1,0,1,2.022294263,0,,0,,,,,,,
gangway,bridge,0,1,4.701466405,1,0,1,4.701466405,0,,0,,,,,,,
dirt,bridge,0,1,25.79505262,1,0,1,25.79505262,0,,0,,,,,,,
pedestrian,bridge,76.42544069,1,37.70697494,1,0,1,37.70697494,2.026825032,,76.42544069,,,,,,,
tennis,sport,9964235.576,13744,1367120.292,3220,89,13655,100.1186593,7.288484879,4.24068323,729.713334,30.94483098,,0,,0,unimportant,0
basketball,sport,5134233.371,12192,947297.6142,3199,161,12031,78.73806119,5.419873642,3.76086277,426.7503425,16.04949475,,0,,0,unimportant,0
baseball,sport,43248902.88,8756,2205513.889,2916,215,8541,258.2266584,19.60944481,2.929012346,5063.681405,148.3158535,,1,,1,unimportant,1
soccer,sport,15804607.79,2878,806966.342,1343,25,2853,282.8483498,19.58521312,2.124348474,5539.645213,117.6813685,,1,,1,unimportant,1
golf,sport,8278635.447,2761,305361.4575,425,20,2741,111.4051286,27.11093769,6.449411765,3020.2975,194.7914223,,,,0,,0
four_square,sport,37192.35825,1549,29765.97822,215,2,1547,19.24109775,1.249492221,,24.04160197,,,,,,,
swimming,sport,1399931.648,1543,146794.282,819,80,1463,100.3378551,9.53669059,1.786324786,956.8910786,17.09318252,,,,0,,0
american_football,sport,5936149.275,1030,322140.8477,855,5,1025,314.2837538,18.42718586,1.198830409,5791.365146,69.42864649,,,,1,,1
beachvolleyball,sport,403305.6883,1032,76615.66987,452,10,1022,74.96640888,5.264010469,2.261061947,394.6239611,8.922692219,,,,0,,0
volleyball,sport,192194.7257,750,46500.41184,393,9,741,62.75359222,4.133183301,1.885496183,259.3720995,4.890451036,,,,0,,0
tetherball,sport,15966.22594,713,11762.45352,135,6,707,16.63713369,1.357389079,,22.58306357,,,,,,,
running,sport,3924316.423,677,197022.0611,482,12,665,296.2737761,19.91815739,1.37966805,5901.227703,81.41735316,,,,1,,1
equestrian,sport,4208156.05,634,136930.2832,238,12,622,220.1451498,30.73210654,2.613445378,6765.524197,176.8132794,,,,1,,1
skateboard,sport,593526.3021,532,68601.45217,500,52,480,142.919692,8.651803764,0.96,1236.513129,11.87052604,,,,0,,0
athletics,sport,704621.4797,460,51250.249,136,16,444,115.4284887,13.748645,3.264705882,1586.985315,51.81040292,,,,1,,1
motor,sport,26872829.46,402,271680.4816,138,4,398,682.6142753,98.91336069,2.884057971,67519.67202,1947.306483,,,,1,,1
multi,sport,3929069.889,427,150633.2139,300,32,395,381.3499085,26.0836889,1.316666667,9947.012377,130.9689963,,,,1,,1
pickleball,sport,56391.28062,388,18033.90948,111,5,383,47.08592554,3.126958172,3.45045045,147.2357196,5.080295552,,,,0,,0
climbing,sport,1351018.509,653,67841.3363,170,277,376,180.4290859,19.91438528,2.211764706,3593.134333,79.47167702,,,,0,,0
softball,sport,1232047.677,369,77051.82368,252,14,355,217.0473907,15.98985746,1.408730159,3470.556838,48.89078085,,,,0,,0
culvert,tunnel,2618.940323,27586,2211341.151,8999,7,27579,80.1820643,0.001184322157,,0.09496139536,,,,,,,
yes,tunnel,151196.0171,9465,1358382.709,3224,3,9462,143.5619012,0.1113059052,,15.97928737,,,,,,,
building_passage,tunnel,22382.36783,5454,107369.3368,2004,5,5449,19.70441123,0.2084614518,,4.107610172,,,,,,,
no,tunnel,0,313,233028.2205,192,1,312,746.8853223,0,,0,,,,,,,
covered,tunnel,169.0224659,110,17586.05771,66,0,110,159.8732519,0.009611162929,,1.536567872,,,,,,,
flooded,tunnel,0,91,22944.14536,69,0,91,252.1334655,0,,0,,,,,,,
pipe,tunnel,0,70,25640.79087,28,0,70,366.2970124,0,,0,,,,,,,
passage,tunnel,6958.160028,32,2743.636401,18,0,32,85.73863754,2.536108657,,217.4425009,,,,,,,
proposed,tunnel,0,26,18977.03086,8,0,26,729.8858024,0,,0,,,,,,,
avalanche_protector,tunnel,0,13,2317.009053,4,0,13,178.2314656,0,,0,,,,,,,
tunnel,tunnel,0,6,643.0662537,2,0,6,107.1777089,0,,0,,,,,,,
siphon,tunnel,0,4,1106.476319,3,0,4,276.6190799,0,,0,,,,,,,
-1,tunnel,830.4868907,3,283.670212,2,0,3,94.55673734,2.927649275,,276.8289636,,,,,,,
c,tunnel,0,1,10.92228958,1,0,1,10.92228958,0,,0,,,,,,,
pi,tunnel,0,1,136.304654,1,0,1,136.304654,0,,0,,,,,,,
bui,tunnel,0,1,15.59673168,1,0,1,15.59673168,0,,0,,,,,,,
railway,tunnel,0,1,3.229635701,1,0,1,3.229635701,0,,0,,,,,,,
railway passage,tunnel,0,1,4.033843358,1,0,1,4.033843358,0,,0,,,,,,,
very_bad,smoothness,5059162.497,16322,15129296.36,5930,0,16322,926.9266241,0.3343950953,2.752445194,309.9597168,8.531471327,,0,,0,unimportant,0
bad,smoothness,522107.1388,9228,8113567.169,4042,4,9224,879.6148275,0.06434988803,,56.60311565,,,,,,,
good,smoothness,527574.3226,5337,1606515.414,1210,97,5240,306.586911,0.3283966765,4.330578512,100.6821226,4.360118369,,0,,0,unimportant,0
excellent,smoothness,577624.209,5067,1008795.516,766,37,5030,200.5557686,0.5725880022,6.566579634,114.8358268,7.540786019,,,,0,,0
horrible,smoothness,195066.2987,2903,2270975.867,1403,0,2903,782.2858653,0.08589536398,,67.19472913,,,,,,,
intermediate,smoothness,177587.8867,1805,983835.1762,833,13,1792,549.0151653,0.18050573,,99.10038319,,,,,,,
very_horrible,smoothness,3315.900868,521,364776.6982,312,0,521,700.1472134,0.00909022118,,6.364493029,,,,,,,
impassable,smoothness,0,392,212814.5408,226,1,391,544.282713,0,,0,,,,,,,
fair,smoothness,0,3,1443.181316,2,0,3,481.0604385,0,,0,,,,,,,
3,smoothness,0,1,71.67513931,1,0,1,71.67513931,0,,0,,,,,,,
medium,smoothness,0,1,79.37295275,1,0,1,79.37295275,0,,0,,,,,,,
surface,parking,117573258.9,31929,7877053.435,5132,699,31230,252.2271353,14.92604561,6.085346843,3764.753726,229.098322,,1,,1,large,1
street_side,parking,701263.8186,2247,216926.6025,632,52,2195,98.82760934,3.232723929,3.473101266,319.4823775,11.0959465,,,,0,,0
multi-storey,parking,10322449.24,3036,613878.5975,733,937,2099,292.4624095,16.81513133,2.863574352,4917.793825,140.8246826,,,,1,,1
carports,parking,238978.0036,384,32215.57062,42,0,384,83.89471516,7.418090042,,622.3385511,,,,,,,
lane,parking,91789.83581,352,38003.37971,116,7,345,110.1547238,2.415307178,2.974137931,266.0574951,7.91291688,,,,0,,0
layby,parking,39764.23468,138,14968.22258,65,33,105,142.5545007,2.656576923,,378.7069969,,,,,,,
underground,parking,465724.2803,739,24830.00838,209,645,94,264.1490253,18.75650919,0.4497607656,4954.51362,22.28345839,,,,0,,0
no,parking,7848.539769,132,17321.02751,33,39,93,186.2476076,0.453122066,,84.39290074,,,,,,,
rooftop,parking,167793.6757,110,14735.296,69,33,77,191.3674805,11.38719411,,2179.138646,,,,,,,
sheds,parking,19366.1146,61,5736.534645,11,1,60,95.60891075,3.375925677,,322.7685767,,,,,,,
yes,parking,708756.0032,274,11049.00057,25,247,27,409.2222432,64.14661661,,26250.22234,,,,,,,
parallel,parking,150.561659,16,1860.678341,3,0,16,116.2923963,0.08091761788,,9.410103688,,,,,,,
garage,parking,38984.6093,14,2740.000147,8,4,10,274.0000147,14.22795883,,3898.46093,,,,,,,
covered,parking,4805.385891,9,1458.832295,1,0,9,162.0924772,3.29399473,,533.9317657,,,,,,,
street,parking,2543.304028,6,848.8803088,3,0,6,141.4800515,2.996069059,,423.8840046,,,,,,,
service,parking,4879.801008,6,864.508572,3,0,6,144.084762,5.644595284,,813.3001681,,,,,,,
suu,parking,710.6402777,5,380.1497173,1,0,5,76.02994347,1.869369475,,142.1280555,,,,,,,
customer,parking,1822.102926,5,1747.681213,3,0,5,349.5362427,1.042583116,,364.4205852,,,,,,,
shoulder,parking,3320.24607,3,448.7958266,3,0,3,149.5986089,7.398121535,,1106.74869,,,,,,,
disabled,parking,148.0721665,3,85.39690351,2,0,3,28.4656345,1.733928989,,49.35738885,,,,,,,
main,usage,3167.041528,15095,8958858.105,3416,4,15091,593.6556958,0.0003535095088,,0.2098629334,,,,,,,
industrial,usage,6572.116555,5724,2520825.785,945,1,5723,440.4727914,0.002607128423,,1.148369134,,,,,,,
branch,usage,0,4643,3018241.221,1700,0,4643,650.0627227,0,,0,,,,,,,
irrigation,usage,0,1036,344921.5721,184,0,1036,332.9358804,0,,0,,,,,,,
military,usage,0,1029,417839.0321,103,1,1028,406.4582024,0,,0,,,,,,,
tourism,usage,201287.1183,729,305395.043,180,2,727,420.0757125,0.6591040781,4.038888889,276.8736152,11.18261768,,,,0,,0
transmission,usage,1984.065319,633,411438.4379,228,1,632,651.0101865,0.00482226534,,3.139343858,,,,,,,
penstock,usage,0,164,83798.37202,76,0,164,510.9656831,0,,0,,,,,,,
spillway,usage,359480.1838,133,34729.53843,87,1,132,263.1025639,10.3508483,,2723.334726,,,,,,,
headrace,usage,0,110,55274.71529,51,0,110,502.4974117,0,,0,,,,,,,
tailrace,usage,0,21,3249.705801,6,0,21,154.7478953,0,,0,,,,,,,
science,usage,0,6,1763.815188,1,0,6,293.9691979,0,,0,,,,,,,
spillway_chute,usage,30390.58765,4,1429.915627,2,0,4,357.4789067,21.25341319,,7597.646912,,,,,,,
marine railway,usage,0,3,124.2330012,1,0,3,41.41100039,0,,0,,,,,,,
station,usage,0,2,84.90751538,1,0,2,42.45375769,0,,0,,,,,,,
test,usage,2294.46153,2,211.1871211,1,0,2,105.5935605,10.86459022,,1147.230765,,,,,,,
marine,usage,0,1,23.42241642,1,0,1,23.42241642,0,,0,,,,,,,
amphitheatre,usage,1483.063509,1,158.9767759,1,0,1,158.9767759,9.328806046,,1483.063509,,,,,,,
outlet,usage,422.4933733,1,85.13713774,1,0,1,85.13713774,4.962503844,,422.4933733,,,,,,,
empty,usage,1402.510827,1,148.3765048,1,0,1,148.3765048,9.452378114,,1402.510827,,,,,,,
grape,crop,1300175415,13423,14328765.58,1888,0,13423,1067.478625,90.73882937,7.109639831,96861.76082,6886.522328,,1,,1,unclear via S2,1
field_cropland,crop,2295130064,9707,17891751.01,1372,0,9707,1843.180284,128.2786722,7.075072886,236440.7194,16728.35323,,1,,1,unclear via S2,1
WINE GRAPES,crop,81248076.44,1578,1429839.854,224,0,1578,906.108906,56.82320032,7.044642857,51488.00788,3627.14627,,,,1,,1
native_pasture,crop,648842408.3,1509,3409151.723,537,1,1508,2260.710691,190.3237113,2.808193669,430266.849,12082.72641,,,,1,,1
dairy,crop,66477023.21,278,532626.8892,161,0,278,1915.924062,124.8097393,1.726708075,239125.9828,4129.007653,,,,0,,0
poultry,crop,25134816.22,155,248082.6443,124,0,155,1600.533189,101.3163025,1.25,162160.1047,2027.001308,,,,0,,0
dry_farming,crop,11014263.66,70,103836.3124,40,0,70,1483.375892,106.0733322,,157346.6238,,,,,,,
yes,crop,2232962.63,55,46396.85876,8,0,55,843.5792501,48.12745281,,40599.32055,,,,,,,
lettuce,crop,225169.2789,21,8711.272324,2,0,21,414.8224916,25.8480358,,10722.34661,,,,,,,
rice,crop,12436751.51,20,58640.307,14,0,20,2932.01535,212.0853751,,621837.5754,,,,,,,
native_pasture;field_cropland,crop,9104989.783,17,53163.96546,13,0,17,3127.292086,171.2624276,,535587.6343,,,,,,,
berry_plants,crop,1342545.479,15,18730.89108,10,0,15,1248.726072,71.67547305,,89503.03194,,,,,,,
no,crop,525870.3854,10,9327.41812,8,0,10,932.741812,56.37898705,,52587.03854,,,,,,,
strawberry,crop,267830.4926,11,6064.923117,11,1,10,606.4923117,44.16057507,,26783.04926,,,,,,,
cacti,crop,21757.77621,8,1661.483725,1,0,8,207.6854656,13.09538931,,2719.722027,,,,,,,
RECREATION AREA,crop,301593.5275,7,7416.969724,7,0,7,1059.567103,40.6626343,,43084.78965,,,,,,,
fast_growing_wood,crop,438336.9236,7,7810.033934,2,0,7,1115.719133,56.12484239,,62619.56052,,,,,,,
PASTURELAND,crop,2538746.517,6,13853.59413,5,0,6,2308.932356,183.2554421,,423124.4195,,,,,,,
WATER AREA,crop,437720.7267,6,10021.6727,4,0,6,1670.278784,43.67741191,,72953.45445,,,,,,,
feed_lot,crop,313502.9455,6,5759.615399,6,0,6,959.9358998,54.43122913,,52250.49091,,,,,,,
pond,water,63582086.44,7895,2188982.882,3863,4,7891,277.4024689,29.04640642,2.042712917,8057.544854,164.5925096,,1,,1,large,1
reservoir,water,438428335.5,5354,4930844.183,2946,24,5330,925.111479,88.91547151,1.809232858,82256.72336,1488.215667,,1,,1,large,1
lake,water,1269392935,4032,5600126.203,2294,0,4032,1388.920189,226.6722015,1.757628596,314829.597,5533.535027,,1,,1,large,1
basin,water,164443787.7,2888,1843168.511,1214,1,2887,638.437309,89.21798886,2.378088962,56960.09272,1354.561678,,0,,0,too large for one chip,0
river,water,157936712,2723,5274773.135,1730,0,2723,1937.118301,29.94189663,1.573988439,58000.99595,912.9289709,,1,,1,,1
canal,water,29283450.44,838,1803936.496,612,0,838,2152.66885,16.23308277,1.369281046,34944.4516,478.4877524,,,,1,,1
wastewater,water,5951155.136,636,184118.4097,137,0,636,289.4943548,32.32243395,4.642335766,9357.162164,434.3908858,,,,1,,1
stream,water,5469705.86,580,490078.4034,240,1,579,846.422113,11.1608792,2.4125,9446.814957,227.9044108,,,,1,,1
ditch,water,8227645.975,347,885342.8691,228,0,347,2551.420372,9.293174725,1.521929825,23710.79532,360.8616656,,,,1,,1
stream;river,water,4660856.807,200,310769.8279,146,0,200,1553.849139,14.99777774,1.369863014,23304.28403,319.2367676,,,,1,,1
lagoon,water,2597494.851,62,89945.34936,55,0,62,1450.731441,28.87858983,,41895.07825,,,,,,,
intermittent,water,562683.3762,29,27953.6449,23,0,29,963.9187898,20.12915948,,19402.87504,,,,,,,
fountain,water,4941.926752,32,1416.671627,21,5,27,52.46931953,3.488406668,,183.0343241,,,,,,,
rapids,water,174535.9934,25,8717.140653,10,0,25,348.6856261,20.02216097,,6981.439736,,,,,,,
oxbow,water,593740.1506,23,25791.85371,18,0,23,1121.384944,23.02045278,,25814.78916,,,,,,,
pool,water,2879.485721,19,945.4185568,14,0,19,49.75887141,3.045725832,,151.55188,,,,,,,
drain,water,76060.95277,40,9847.114035,8,23,17,579.2420021,7.724187259,,4474.173692,,,,,,,
reflecting_pool,water,4366.291547,11,995.9962052,9,0,11,90.54510956,4.383843557,,396.9355952,,,,,,,
wetland,water,61178.83206,11,4056.013532,3,0,11,368.7285029,15.08348815,,5561.712005,,,,,,,
yes,water,96303.84648,78,3917.249738,12,68,10,391.7249738,24.58455624,,9630.384648,,,,,,,
roof,location,4488861.271,11793,382880.8501,584,4775,7018,54.55697494,11.72391168,12.01712329,639.6211557,76.86406285,,,,0,,0
underground,location,256022.6142,6385,4564373.264,2754,301,6084,750.2257174,0.0560915156,,42.08129753,,,,,,,
outdoor,location,6030656.753,9023,335851.7696,1284,3068,5955,56.39828205,17.95630483,4.637850467,1012.704744,46.96773172,,0,,0,unimportant,0
overground,location,527.903112,1091,319321.5746,420,68,1023,312.1423016,0.001653202145,,0.5160343226,,,,,,,
surface,location,235539.1659,643,86987.19626,111,83,560,155.334279,2.707745232,5.045045045,420.6056534,21.21974468,,,,0,,0
overhead,location,59.28976245,144,18122.79931,78,6,138,131.3246327,0.003271556531,,0.4296359598,,,,,,,
underwater,location,0,74,95122.2762,64,0,74,1285.436165,0,,0,,,,,,,
indoor,location,3018.186892,93,1593.733977,35,30,63,25.29736472,1.893783363,,47.90772844,,,,,,,
above_ground,location,106.1452655,19,4973.923087,12,0,19,261.7854257,0.02134035119,,5.586592921,,,,,,,
aboveground,location,0,17,1148.66629,12,0,17,67.56860531,0,,0,,,,,,,
tunnel,location,0,15,18208.08424,13,0,15,1213.872283,0,,0,,,,,,,
"Main And Pepper, El Cajon",location,0,13,2242.444743,2,1,12,186.8703953,0,,0,,,,,,,
rooftop,location,4486.335993,12,1053.438876,5,0,12,87.78657301,4.258753018,,373.8613327,,,,,,,
parking_lot,location,5985.053399,10,1281.391478,1,0,10,128.1391478,4.670745436,,598.5053399,,,,,,,
bridge,location,0,13,584.579346,7,5,8,73.07241825,0,,0,,,,,,,
approximate,location,51153.91203,6,2430.733509,4,0,6,405.1222514,21.04464017,,8525.652005,,,,,,,
overgroundq,location,0,4,122.0528504,2,0,4,30.5132126,0,,0,,,,,,,
overwater,location,0,3,63.72513664,3,0,3,21.24171221,0,,0,,,,,,,
outside,location,397.1990754,3,114.8497684,2,1,2,57.42488421,3.458422954,,198.5995377,,,,,,,
"33.6612195, -117.829403",location,82.78037907,1,39.14363251,1,0,1,39.14363251,2.114785311,,82.78037907,,,,,,,
,,,,,,,,,,,,,,,,,,
,,,,,,,,,,,,,,,,,,
,,,,,,,,,,,,,,,,,,
,,,,,,,,,,,,,,,,,,
,,,,,,,,,,,,,,,,,,
,,,,,,,,,,,,,,,,,,
,,,,,,,,,,,,,,,,,,
,,,,,,,,,,,,,,,,,,
,,,,,,,,,,,,,,,,,,
,,,,,,,,,,,,,,,,,,
,,,,,,,,,,,,,,,,,,
,,,,,,,,,,,,,,,,,,
,,,,,,,,,,,,,,,,,,
,,,,,,,,,,,,,,,,,,
,,,,,,,,,,,,,,,,,,
,,,,,,,,,,,,,,,,,,
,,,,,,,,,,,,,,,,,,
,,,,,,,,,,,,,,,,,,
,,,,,,,,,,,,,,,,,,
,,,,,,,,,,,,,,,,,,
,,,,,,,,,,,,,,,,,,
,,,,,,,,,,,,,,,,,,
,,,,,,,,,,,,,,,,,,
,,,,,,,,,,,,,,,,,,
,,,,,,,,,,,,,,,,,,
,,,,,,,,,,,,,,,,,,
,,,,,,,,,,,,,,,,,,
,,,,,,,,,,,,,,,,,,
,,,,,,,,,,,,,,,,,,
,,,,,,,,,,,,,,,,,,
,,,,,,,,,,,,,,,,,,
,,,,,,,,,,,,,,,,,,
,,,,,,,,,,,,,,,,,,
,,,,,,,,,,,,,,,,,,
,,,,,,,,,,,,,,,,,,
,,,,,,,,,,,,,,,,,,
,,,,,,,,,,,,,,,,,,
,,,,,,,,,,,,,,,,,,
,,,,,,,,,,,,,,,,,,
,,,,,,,,,,,,,,,,,,
,,,,,,,,,,,,,,,,,,
,,,,,,,,,,,,,,,,,,
,,,,,,,,,,,,,,,,,,
,,,,,,,,,,,,,,,,,,
,,,,,,,,,,,,,,,,,,
,,,,,,,,,,,,,,,,,,
,,,,,,,,,,,,,,,,,,
,,,,,,,,,,,,,,,,,,
,,,,,,,,,,,,,,,,,,
,,,,,,,,,,,,,,,,,,
,,,,,,,,,,,,,,,,,,
,,,,,,,,,,,,,,,,,,
,,,,,,,,,,,,,,,,,,
,,,,,,,,,,,,,,,,,,
,,,,,,,,,,,,,,,,,,
,,,,,,,,,,,,,,,,,,
,,,,,,,,,,,,,,,,,,
,,,,,,,,,,,,,,,,,,
,,,,,,,,,,,,,,,,,,
,,,,,,,,,,,,,,,,,,
,,,,,,,,,,,,,,,,,,
,,,,,,,,,,,,,,,,,,
,,,,,,,,,,,,,,,,,,
,,,,,,,,,,,,,,,,,,
,,,,,,,,,,,,,,,,,,
,,,,,,,,,,,,,,,,,,
,,,,,,,,,,,,,,,,,,
,,,,,,,,,,,,,,,,,,
,,,,,,,,,,,,,,,,,,
,,,,,,,,,,,,,,,,,,
,,,,,,,,,,,,,,,,,,
,,,,,,,,,,,,,,,,,,
,,,,,,,,,,,,,,,,,,
,,,,,,,,,,,,,,,,,,
,,,,,,,,,,,,,,,,,,
,,,,,,,,,,,,,,,,,,
,,,,,,,,,,,,,,,,,,
,,,,,,,,,,,,,,,,,,
,,,,,,,,,,,,,,,,,,
,,,,,,,,,,,,,,,,,,
,,,,,,,,,,,,,,,,,,
,,,,,,,,,,,,,,,,,,
,,,,,,,,,,,,,,,,,,
,,,,,,,,,,,,,,,,,,
,,,,,,,,,,,,,,,,,,
,,,,,,,,,,,,,,,,,,
,,,,,,,,,,,,,,,,,,
,,,,,,,,,,,,,,,,,,
,,,,,,,,,,,,,,,,,,
,,,,,,,,,,,,,,,,,,
,,,,,,,,,,,,,,,,,,
,,,,,,,,,,,,,,,,,,
,,,,,,,,,,,,,,,,,,
,,,,,,,,,,,,,,,,,,
,,,,,,,,,,,,,,,,,,
,,,,,,,,,,,,,,,,,,
,,,,,,,,,,,,,,,,,,
,,,,,,,,,,,,,,,,,,
,,,,,,,,,,,,,,,,,,
,,,,,,,,,,,,,,,,,,
,,,,,,,,,,,,,,,,,,
,,,,,,,,,,,,,,,,,,
,,,,,,,,,,,,,,,,,,
,,,,,,,,,,,,,,,,,,
,,,,,,,,,,,,,,,,,,
,,,,,,,,,,,,,,,,,,
,,,,,,,,,,,,,,,,,,
,,,,,,,,,,,,,,,,,,
,,,,,,,,,,,,,,,,,,
,,,,,,,,,,,,,,,,,,
,,,,,,,,,,,,,,,,,,
,,,,,,,,,,,,,,,,,,
,,,,,,,,,,,,,,,,,,
,,,,,,,,,,,,,,,,,,
,,,,,,,,,,,,,,,,,,
,,,,,,,,,,,,,,,,,,
,,,,,,,,,,,,,,,,,,
,,,,,,,,,,,,,,,,,,
,,,,,,,,,,,,,,,,,,
,,,,,,,,,,,,,,,,,,
,,,,,,,,,,,,,,,,,,
,,,,,,,,,,,,,,,,,,
,,,,,,,,,,,,,,,,,,
,,,,,,,,,,,,,,,,,,
,,,,,,,,,,,,,,,,,,
,,,,,,,,,,,,,,,,,,
,,,,,,,,,,,,,,,,,,
,,,,,,,,,,,,,,,,,,
,,,,,,,,,,,,,,,,,,
,,,,,,,,,,,,,,,,,,
,,,,,,,,,,,,,,,,,,
,,,,,,,,,,,,,,,,,,
,,,,,,,,,,,,,,,,,,
,,,,,,,,,,,,,,,,,,
,,,,,,,,,,,,,,,,,,
,,,,,,,,,,,,,,,,,,
,,,,,,,,,,,,,,,,,,
,,,,,,,,,,,,,,,,,,
,,,,,,,,,,,,,,,,,,
,,,,,,,,,,,,,,,,,,
,,,,,,,,,,,,,,,,,,
,,,,,,,,,,,,,,,,,,
,,,,,,,,,,,,,,,,,,
,,,,,,,,,,,,,,,,,,
,,,,,,,,,,,,,,,,,,
,,,,,,,,,,,,,,,,,,
,,,,,,,,,,,,,,,,,,
,,,,,,,,,,,,,,,,,,
,,,,,,,,,,,,,,,,,,
,,,,,,,,,,,,,,,,,,
,,,,,,,,,,,,,,,,,,
,,,,,,,,,,,,,,,,,,
,,,,,,,,,,,,,,,,,,
,,,,,,,,,,,,,,,,,,
,,,,,,,,,,,,,,,,,,
,,,,,,,,,,,,,,,,,,
,,,,,,,,,,,,,,,,,,
,,,,,,,,,,,,,,,,,,
,,,,,,,,,,,,,,,,,,
,,,,,,,,,,,,,,,,,,
,,,,,,,,,,,,,,,,,,
,,,,,,,,,,,,,,,,,,
,,,,,,,,,,,,,,,,,,
,,,,,,,,,,,,,,,,,,
,,,,,,,,,,,,,,,,,,
,,,,,,,,,,,,,,,,,,
,,,,,,,,,,,,,,,,,,
,,,,,,,,,,,,,,,,,,
,,,,,,,,,,,,,,,,,,
,,,,,,,,,,,,,,,,,,
,,,,,,,,,,,,,,,,,,
,,,,,,,,,,,,,,,,,,
,,,,,,,,,,,,,,,,,,
,,,,,,,,,,,,,,,,,,
,,,,,,,,,,,,,,,,,,
,,,,,,,,,,,,,,,,,,
,,,,,,,,,,,,,,,,,,
,,,,,,,,,,,,,,,,,,
,,,,,,,,,,,,,,,,,,
,,,,,,,,,,,,,,,,,,
,,,,,,,,,,,,,,,,,,
,,,,,,,,,,,,,,,,,,
,,,,,,,,,,,,,,,,,,
,,,,,,,,,,,,,,,,,,
,,,,,,,,,,,,,,,,,,
,,,,,,,,,,,,,,,,,,
,,,,,,,,,,,,,,,,,,
,,,,,,,,,,,,,,,,,,
,,,,,,,,,,,,,,,,,,
,,,,,,,,,,,,,,,,,,
,,,,,,,,,,,,,,,,,,
,,,,,,,,,,,,,,,,,,
,,,,,,,,,,,,,,,,,,
,,,,,,,,,,,,,,,,,,
,,,,,,,,,,,,,,,,,,
,,,,,,,,,,,,,,,,,,
,,,,,,,,,,,,,,,,,,
,,,,,,,,,,,,,,,,,,
,,,,,,,,,,,,,,,,,,
,,,,,,,,,,,,,,,,,,
,,,,,,,,,,,,,,,,,,
,,,,,,,,,,,,,,,,,,
,,,,,,,,,,,,,,,,,,
,,,,,,,,,,,,,,,,,,
,,,,,,,,,,,,,,,,,,
,,,,,,,,,,,,,,,,,,
,,,,,,,,,,,,,,,,,,
,,,,,,,,,,,,,,,,,,
,,,,,,,,,,,,,,,,,,
,,,,,,,,,,,,,,,,,,
,,,,,,,,,,,,,,,,,,
,,,,,,,,,,,,,,,,,,
,,,,,,,,,,,,,,,,,,
,,,,,,,,,,,,,,,,,,
,,,,,,,,,,,,,,,,,,
,,,,,,,,,,,,,,,,,,
,,,,,,,,,,,,,,,,,,
,,,,,,,,,,,,,,,,,,
,,,,,,,,,,,,,,,,,,
,,,,,,,,,,,,,,,,,,
,,,,,,,,,,,,,,,,,,
,,,,,,,,,,,,,,,,,,
,,,,,,,,,,,,,,,,,,
,,,,,,,,,,,,,,,,,,
,,,,,,,,,,,,,,,,,,
,,,,,,,,,,,,,,,,,,
,,,,,,,,,,,,,,,,,,
,,,,,,,,,,,,,,,,,,
,,,,,,,,,,,,,,,,,,
,,,,,,,,,,,,,,,,,,
,,,,,,,,,,,,,,,,,,
,,,,,,,,,,,,,,,,,,
,,,,,,,,,,,,,,,,,,
,,,,,,,,,,,,,,,,,,
,,,,,,,,,,,,,,,,,,
,,,,,,,,,,,,,,,,,,
,,,,,,,,,,,,,,,,,,
,,,,,,,,,,,,,,,,,,
,,,,,,,,,,,,,,,,,,
,,,,,,,,,,,,,,,,,,
,,,,,,,,,,,,,,,,,,
,,,,,,,,,,,,,,,,,,
,,,,,,,,,,,,,,,,,,
,,,,,,,,,,,,,,,,,,
,,,,,,,,,,,,,,,,,,
,,,,,,,,,,,,,,,,,,
,,,,,,,,,,,,,,,,,,
,,,,,,,,,,,,,,,,,,
,,,,,,,,,,,,,,,,,,
,,,,,,,,,,,,,,,,,,
,,,,,,,,,,,,,,,,,,
,,,,,,,,,,,,,,,,,,
,,,,,,,,,,,,,,,,,,
,,,,,,,,,,,,,,,,,,
,,,,,,,,,,,,,,,,,,
,,,,,,,,,,,,,,,,,,
,,,,,,,,,,,,,,,,,,
,,,,,,,,,,,,,,,,,,
,,,,,,,,,,,,,,,,,,
,,,,,,,,,,,,,,,,,,
,,,,,,,,,,,,,,,,,,
,,,,,,,,,,,,,,,,,,
,,,,,,,,,,,,,,,,,,
,,,,,,,,,,,,,,,,,,
,,,,,,,,,,,,,,,,,,
,,,,,,,,,,,,,,,,,,
,,,,,,,,,,,,,,,,,,
,,,,,,,,,,,,,,,,,,
,,,,,,,,,,,,,,,,,,
,,,,,,,,,,,,,,,,,,
,,,,,,,,,,,,,,,,,,
,,,,,,,,,,,,,,,,,,
,,,,,,,,,,,,,,,,,,
,,,,,,,,,,,,,,,,,,
,,,,,,,,,,,,,,,,,,
,,,,,,,,,,,,,,,,,,
,,,,,,,,,,,,,,,,,,
,,,,,,,,,,,,,,,,,,
,,,,,,,,,,,,,,,,,,
,,,,,,,,,,,,,,,,,,
,,,,,,,,,,,,,,,,,,
,,,,,,,,,,,,,,,,,,
,,,,,,,,,,,,,,,,,,
,,,,,,,,,,,,,,,,,,
,,,,,,,,,,,,,,,,,,
,,,,,,,,,,,,,,,,,,
,,,,,,,,,,,,,,,,,,
,,,,,,,,,,,,,,,,,,
,,,,,,,,,,,,,,,,,,
,,,,,,,,,,,,,,,,,,
,,,,,,,,,,,,,,,,,,
,,,,,,,,,,,,,,,,,,
,,,,,,,,,,,,,,,,,,
,,,,,,,,,,,,,,,,,,
,,,,,,,,,,,,,,,,,,
,,,,,,,,,,,,,,,,,,
,,,,,,,,,,,,,,,,,,
,,,,,,,,,,,,,,,,,,
,,,,,,,,,,,,,,,,,,
,,,,,,,,,,,,,,,,,,
,,,,,,,,,,,,,,,,,,
,,,,,,,,,,,,,,,,,,
,,,,,,,,,,,,,,,,,,
,,,,,,,,,,,,,,,,,,
,,,,,,,,,,,,,,,,,,
,,,,,,,,,,,,,,,,,,
,,,,,,,,,,,,,,,,,,
,,,,,,,,,,,,,,,,,,
,,,,,,,,,,,,,,,,,,
,,,,,,,,,,,,,,,,,,
,,,,,,,,,,,,,,,,,,
,,,,,,,,,,,,,,,,,,
,,,,,,,,,,,,,,,,,,
,,,,,,,,,,,,,,,,,,
,,,,,,,,,,,,,,,,,,
,,,,,,,,,,,,,,,,,,
,,,,,,,,,,,,,,,,,,
,,,,,,,,,,,,,,,,,,
,,,,,,,,,,,,,,,,,,
,,,,,,,,,,,,,,,,,,
,,,,,,,,,,,,,,,,,,
,,,,,,,,,,,,,,,,,,
,,,,,,,,,,,,,,,,,,
,,,,,,,,,,,,,,,,,,
,,,,,,,,,,,,,,,,,,
,,,,,,,,,,,,,,,,,,
,,,,,,,,,,,,,,,,,,
,,,,,,,,,,,,,,,,,,
,,,,,,,,,,,,,,,,,,
,,,,,,,,,,,,,,,,,,
,,,,,,,,,,,,,,,,,,
,,,,,,,,,,,,,,,,,,
,,,,,,,,,,,,,,,,,,
,,,,,,,,,,,,,,,,,,
,,,,,,,,,,,,,,,,,,
,,,,,,,,,,,,,,,,,,
,,,,,,,,,,,,,,,,,,
,,,,,,,,,,,,,,,,,,
,,,,,,,,,,,,,,,,,,
,,,,,,,,,,,,,,,,,,
,,,,,,,,,,,,,,,,,,
,,,,,,,,,,,,,,,,,,
,,,,,,,,,,,,,,,,,,
,,,,,,,,,,,,,,,,,,
,,,,,,,,,,,,,,,,,,
,,,,,,,,,,,,,,,,,,
,,,,,,,,,,,,,,,,,,
,,,,,,,,,,,,,,,,,,
,,,,,,,,,,,,,,,,,,
,,,,,,,,,,,,,,,,,,
,,,,,,,,,,,,,,,,,,
,,,,,,,,,,,,,,,,,,
,,,,,,,,,,,,,,,,,,
,,,,,,,,,,,,,,,,,,
,,,,,,,,,,,,,,,,,,
,,,,,,,,,,,,,,,,,,
,,,,,,,,,,,,,,,,,,
,,,,,,,,,,,,,,,,,,
,,,,,,,,,,,,,,,,,,
,,,,,,,,,,,,,,,,,,
,,,,,,,,,,,,,,,,,,
,,,,,,,,,,,,,,,,,,
,,,,,,,,,,,,,,,,,,
,,,,,,,,,,,,,,,,,,
,,,,,,,,,,,,,,,,,,
,,,,,,,,,,,,,,,,,,
,,,,,,,,,,,,,,,,,,
,,,,,,,,,,,,,,,,,,
,,,,,,,,,,,,,,,,,,
,,,,,,,,,,,,,,,,,,
,,,,,,,,,,,,,,,,,,
,,,,,,,,,,,,,,,,,,
,,,,,,,,,,,,,,,,,,
,,,,,,,,,,,,,,,,,,
,,,,,,,,,,,,,,,,,,
,,,,,,,,,,,,,,,,,,
,,,,,,,,,,,,,,,,,,
,,,,,,,,,,,,,,,,,,
,,,,,,,,,,,,,,,,,,
,,,,,,,,,,,,,,,,,,
,,,,,,,,,,,,,,,,,,
,,,,,,,,,,,,,,,,,,
,,,,,,,,,,,,,,,,,,
,,,,,,,,,,,,,,,,,,
,,,,,,,,,,,,,,,,,,
,,,,,,,,,,,,,,,,,,
,,,,,,,,,,,,,,,,,,
,,,,,,,,,,,,,,,,,,
,,,,,,,,,,,,,,,,,,
,,,,,,,,,,,,,,,,,,
,,,,,,,,,,,,,,,,,,
,,,,,,,,,,,,,,,,,,
,,,,,,,,,,,,,,,,,,
,,,,,,,,,,,,,,,,,,
,,,,,,,,,,,,,,,,,,
,,,,,,,,,,,,,,,,,,
,,,,,,,,,,,,,,,,,,
,,,,,,,,,,,,,,,,,,
,,,,,,,,,,,,,,,,,,
,,,,,,,,,,,,,,,,,,
,,,,,,,,,,,,,,,,,,
,,,,,,,,,,,,,,,,,,
,,,,,,,,,,,,,,,,,,
,,,,,,,,,,,,,,,,,,
,,,,,,,,,,,,,,,,,,
,,,,,,,,,,,,,,,,,,
,,,,,,,,,,,,,,,,,,
,,,,,,,,,,,,,,,,,,
,,,,,,,,,,,,,,,,,,
,,,,,,,,,,,,,,,,,,
,,,,,,,,,,,,,,,,,,
,,,,,,,,,,,,,,,,,,
,,,,,,,,,,,,,,,,,,
,,,,,,,,,,,,,,,,,,
,,,,,,,,,,,,,,,,,,
,,,,,,,,,,,,,,,,,,
,,,,,,,,,,,,,,,,,,
,,,,,,,,,,,,,,,,,,
,,,,,,,,,,,,,,,,,,
,,,,,,,,,,,,,,,,,,
,,,,,,,,,,,,,,,,,,
,,,,,,,,,,,,,,,,,,
,,,,,,,,,,,,,,,,,,
,,,,,,,,,,,,,,,,,,
,,,,,,,,,,,,,,,,,,
,,,,,,,,,,,,,,,,,,
,,,,,,,,,,,,,,,,,,
,,,,,,,,,,,,,,,,,,
,,,,,,,,,,,,,,,,,,
,,,,,,,,,,,,,,,,,,
,,,,,,,,,,,,,,,,,,
,,,,,,,,,,,,,,,,,,
,,,,,,,,,,,,,,,,,,
,,,,,,,,,,,,,,,,,,
,,,,,,,,,,,,,,,,,,
,,,,,,,,,,,,,,,,,,
,,,,,,,,,,,,,,,,,,
,,,,,,,,,,,,,,,,,,
,,,,,,,,,,,,,,,,,,
,,,,,,,,,,,,,,,,,,
,,,,,,,,,,,,,,,,,,
,,,,,,,,,,,,,,,,,,
,,,,,,,,,,,,,,,,,,
,,,,,,,,,,,,,,,,,,
,,,,,,,,,,,,,,,,,,
,,,,,,,,,,,,,,,,,,
,,,,,,,,,,,,,,,,,,
,,,,,,,,,,,,,,,,,,
,,,,,,,,,,,,,,,,,,
,,,,,,,,,,,,,,,,,,
,,,,,,,,,,,,,,,,,,
,,,,,,,,,,,,,,,,,,
,,,,,,,,,,,,,,,,,,
,,,,,,,,,,,,,,,,,,
,,,,,,,,,,,,,,,,,,
,,,,,,,,,,,,,,,,,,
,,,,,,,,,,,,,,,,,,
,,,,,,,,,,,,,,,,,,
,,,,,,,,,,,,,,,,,,
,,,,,,,,,,,,,,,,,,
,,,,,,,,,,,,,,,,,,
,,,,,,,,,,,,,,,,,,
,,,,,,,,,,,,,,,,,,
,,,,,,,,,,,,,,,,,,
,,,,,,,,,,,,,,,,,,
,,,,,,,,,,,,,,,,,,
,,,,,,,,,,,,,,,,,,
,,,,,,,,,,,,,,,,,,
,,,,,,,,,,,,,,,,,,
,,,,,,,,,,,,,,,,,,
,,,,,,,,,,,,,,,,,,
,,,,,,,,,,,,,,,,,,
,,,,,,,,,,,,,,,,,,
,,,,,,,,,,,,,,,,,,
,,,,,,,,,,,,,,,,,,
,,,,,,,,,,,,,,,,,,
,,,,,,,,,,,,,,,,,,
,,,,,,,,,,,,,,,,,,
,,,,,,,,,,,,,,,,,,
,,,,,,,,,,,,,,,,,,
,,,,,,,,,,,,,,,,,,
,,,,,,,,,,,,,,,,,,
,,,,,,,,,,,,,,,,,,
,,,,,,,,,,,,,,,,,,
,,,,,,,,,,,,,,,,,,
,,,,,,,,,,,,,,,,,,
,,,,,,,,,,,,,,,,,,
,,,,,,,,,,,,,,,,,,
,,,,,,,,,,,,,,,,,,
,,,,,,,,,,,,,,,,,,
,,,,,,,,,,,,,,,,,,
,,,,,,,,,,,,,,,,,,
,,,,,,,,,,,,,,,,,,
,,,,,,,,,,,,,,,,,,
,,,,,,,,,,,,,,,,,,
,,,,,,,,,,,,,,,,,,
,,,,,,,,,,,,,,,,,,
,,,,,,,,,,,,,,,,,,
,,,,,,,,,,,,,,,,,,
,,,,,,,,,,,,,,,,,,
,,,,,,,,,,,,,,,,,,
,,,,,,,,,,,,,,,,,,
,,,,,,,,,,,,,,,,,,
,,,,,,,,,,,,,,,,,,
,,,,,,,,,,,,,,,,,,
,,,,,,,,,,,,,,,,,,
,,,,,,,,,,,,,,,,,,
,,,,,,,,,,,,,,,,,,
,,,,,,,,,,,,,,,,,,
,,,,,,,,,,,,,,,,,,
,,,,,,,,,,,,,,,,,,
,,,,,,,,,,,,,,,,,,
,,,,,,,,,,,,,,,,,,
,,,,,,,,,,,,,,,,,,
,,,,,,,,,,,,,,,,,,
,,,,,,,,,,,,,,,,,,
,,,,,,,,,,,,,,,,,,
,,,,,,,,,,,,,,,,,,
,,,,,,,,,,,,,,,,,,
,,,,,,,,,,,,,,,,,,
,,,,,,,,,,,,,,,,,,
,,,,,,,,,,,,,,,,,,
,,,,,,,,,,,,,,,,,,
,,,,,,,,,,,,,,,,,,
,,,,,,,,,,,,,,,,,,
,,,,,,,,,,,,,,,,,,
,,,,,,,,,,,,,,,,,,
,,,,,,,,,,,,,,,,,,
,,,,,,,,,,,,,,,,,,
,,,,,,,,,,,,,,,,,,
,,,,,,,,,,,,,,,,,,
,,,,,,,,,,,,,,,,,,
,,,,,,,,,,,,,,,,86,,